,iteration,max_houses,score
0,0,20,10050794.913296651
1,1,20,9150520.524937632
2,2,20,9820096.496622847
3,3,20,8898950.416069457
4,4,20,9704538.291995293
5,5,20,9632286.361496832
6,6,20,9418162.518684367
7,7,20,9118481.622053757
8,8,20,9651909.229967212
9,9,20,10058141.55499999
